{"cameraMode":{"drawMode":31,"name":"Sprite Mask","section":"Miscellaneous"},"sceneLighting":true,"audioPlay":false,"sceneViewState":{"showFog":true,"showMaterialUpdate":false,"showSkybox":true,"showFlares":true,"showImageEffects":true,"showParticleSystems":true,"showVisualEffectGraphs":true,"m_FxEnabled":true},"in2DMode":false,"pivot":{"x":-126.04505157470703,"y":1458.5909423828125,"z":-2055.444580078125},"rotation":{"x":0.3229214549064636,"y":0.00046082239714451134,"z":-0.00024458285770379007,"w":0.946462869644165},"size":12.12435531616211,"orthographic":false}